,Accuracy,Precision,Recall,F1-score,AUC
pycaret_lr,0.7508871540099361,0.5199306759098787,0.8021390374331551,0.6309148264984227,0.7672530935958046
xgboost_1,0.7665010645848119,0.5445544554455446,0.7352941176470589,0.6257110352673493,0.7565359477124184
xgboost,0.7416607523066004,0.5082508250825083,0.8235294117647058,0.6285714285714287,0.7678033532253481
keras_2,0.7345635202271115,0.0,0.0,0.0,0.5
keras,0.6848828956706884,0.4422442244224423,0.7165775401069518,0.5469387755102041,0.6950037458988866
pycaret_xgboost,0.7601135557132718,0.5342205323193916,0.7513368983957219,0.6244444444444444,0.7573109612751557
pycaret_nb,0.7295954577714692,0.4942903752039152,0.8101604278074866,0.6139817629179332,0.7553217597974631
LR,0.44499645138396027,0.30754716981132074,0.8716577540106952,0.4546722454672246,0.5812395050246713
