{"colsample_bytree": 0.97671093443035, "learning_rate": 0.05049128918912716, "max_bin": 432, "max_depth": 20, "min_child_samples": 203, "min_child_weight": 0.006931823811798866, "min_data_in_bin": 382, "min_split_gain": 3.79, "n_estimators": 1650, "num_leaves": 811, "reg_alpha": 0.018444525383019866, "reg_lambda": 3.9313360921647345, "scale_pos_weight": 36, "subsample": 0.6478162681819296}