,Accuracy,Precision,Recall,F1-score,AUC
xgboost_1,0.7643718949609652,0.5430327868852459,0.7085561497326203,0.6148491879350347,0.7465486062672763
