,Accuracy,Precision,Recall,F1-score,AUC
pycaret_lr,0.7437899219304471,0.5111492281303602,0.7967914438502673,0.6227795193312435,0.7607145625048438
