,Accuracy,Precision,Recall,F1-score,AUC
catboost+optuna,0.7132718239886444,0.47678018575851394,0.8235294117647058,0.6039215686274509,0.7484796817277636
