,Accuracy,Precision,Recall,F1-score,AUC
pycaret_nb,0.7295954577714692,0.49429037520391517,0.8101604278074866,0.6139817629179332,0.7553217597974631
