,Accuracy,Precision,Recall,F1-score,AUC
keras_2,0.7608232789212207,0.5366336633663367,0.7245989304812834,0.6166097838452788,0.7492559869797721
