,Accuracy,Precision,Recall,F1-score,AUC
catboost+optuna,0.7047551454932577,0.4698275862068966,0.8743315508021391,0.6112149532710281,0.7589049058358522
