,Accuracy,Precision,Recall,F1-score,AUC
pycaret_nb,0.6969481902058198,0.4608567208271787,0.8342245989304813,0.59372026641294,0.7407837970497817
