,Accuracy,Precision,Recall,F1-score,AUC
xgboost,0.7828246983676366,0.6011904761904762,0.5401069518716578,0.5690140845070423,0.7053191764189206
