,Accuracy,Precision,Recall,F1-score,AUC
LR,0.49893541518807666,0.3288659793814433,0.8529411764705882,0.47470238095238093,0.6119778346121056
