,Accuracy,Precision,Recall,F1-score,AUC
pycaret_xgboost,0.7757274662881476,0.5584677419354839,0.7406417112299465,0.6367816091954023,0.764523754165698
