,Accuracy,Precision,Recall,F1-score,AUC
keras,0.6848828956706884,0.44224422442244227,0.7165775401069518,0.5469387755102041,0.6950037458988866
