,Accuracy,Precision,Recall,F1-score,AUC
lgb+optuna,0.7381121362668559,0.5068493150684932,0.4946524064171123,0.5006765899864682,0.6603696814694257
