,Accuracy,Precision,Recall,F1-score,AUC
lightgbm+hyperband,0.7068843151171044,0.46511627906976744,0.6951871657754011,0.557341907824223,0.7031491384432561
