,Accuracy,Precision,Recall,F1-score,AUC
lightgbm+hyperopt,0.631653655074521,0.4129651860744298,0.9197860962566845,0.5700082850041426,0.7236611640703713
