,Accuracy,Precision,Recall,F1-score,AUC
catboost+optuna,0.7203690560681334,0.48427672955974843,0.8235294117647058,0.6099009900990099,0.7533105996021596
