,Accuracy,Precision,Recall,F1-score,AUC
pycaret_nb,0.6976579134137686,0.46153846153846156,0.8342245989304813,0.5942857142857144,0.7412668888372215
