,Accuracy,Precision,Recall,F1-score,AUC
evalml,0.7927608232789212,0.628125,0.5374331550802139,0.5792507204610953,0.711228654834793
