,Accuracy,Precision,Recall,F1-score,AUC
pycaret_lr,0.7416607523066004,0.5084175084175084,0.8074866310160428,0.6239669421487604,0.7626805135756543
