,Accuracy,Precision,Recall,F1-score,AUC
LRCV,0.7366926898509581,0.5024,0.839572192513369,0.6286286286286286,0.7695445503629647
