,Accuracy,Precision,Recall,F1-score,AUC
catboost+optuna,0.6955287437899219,0.4617524339360223,0.8877005347593583,0.607502287282708,0.7568937456405487
