,Accuracy,Precision,Recall,F1-score,AUC
xgboost,0.7423704755145494,0.511340206185567,0.6631016042780749,0.5774155995343422,0.7170580485158491
