,Accuracy,Precision,Recall,F1-score,AUC
LR,0.44499645138396027,0.30754716981132074,0.8716577540106952,0.4546722454672246,0.5812395050246713
