,Accuracy,Precision,Recall,F1-score,AUC
lightgbm+hyperopt,0.6302342086586231,0.4123957091775924,0.9251336898395722,0.5704863973619126,0.7244025937120566
