,Accuracy,Precision,Recall,F1-score,AUC
catboost,0.49041873669268987,0.2736842105263158,0.5561497326203209,0.3668430335097002,0.5114081996434938
