,Accuracy,Precision,Recall,F1-score,AUC
catboost+optuna,0.7139815471965933,0.47709320695102686,0.8074866310160428,0.5998013902681232,0.7438399338655094
