,Accuracy,Precision,Recall,F1-score,AUC
xgboost,0.7416607523066004,0.5082508250825083,0.8235294117647058,0.6285714285714287,0.7678033532253481
