,Accuracy,Precision,Recall,F1-score,AUC
lightgbm+optuna,0.6408800567778566,0.4189189189189189,0.9117647058823529,0.5740740740740741,0.7273799374822392
