,Accuracy,Precision,Recall,F1-score,AUC
lgb,0.6408800567778566,0.4199029126213592,0.9251336898395722,0.5776293823038398,0.7316489705236509
