,Accuracy,Precision,Recall,F1-score,AUC
catboost,0.7288857345635202,0.4931972789115646,0.7754010695187166,0.6029106029106028,0.7437391821023533
