,Accuracy,Precision,Recall,F1-score,AUC
catboost,0.6600425833924769,0.41910631741140214,0.7272727272727273,0.5317693059628544,0.6815107597716293
