,Accuracy,Precision,Recall,F1-score,AUC
evalml,0.7977288857345636,0.6369230769230769,0.553475935828877,0.592274678111588,0.719733136996564
