,Accuracy,Precision,Recall,F1-score,AUC
pycaret_xgboost,0.7601135557132718,0.5342205323193916,0.7513368983957219,0.6244444444444444,0.7573109612751557
