,Accuracy,Precision,Recall,F1-score,AUC
lgb,0.7565649396735273,0.5906432748538012,0.2700534759358289,0.3706422018348624,0.6012103128471415
