,Accuracy,Precision,Recall,F1-score,AUC
lightgbm+hyperopt,0.6366217175301633,0.4172661870503597,0.93048128342246,0.576158940397351,0.7304580330155779
