,Accuracy,Precision,Recall,F1-score,AUC
pycaret_lda,0.7821149751596878,0.6056782334384858,0.5133689839572193,0.5557163531114327,0.6962980185486579
