,Accuracy,Precision,Recall,F1-score,AUC
ngboost,0.7721788502484032,0.6497175141242938,0.3074866310160428,0.41742286751361163,0.6237916246867654
