,Accuracy,Precision,Recall,F1-score,AUC
LR,0.8026969481902059,0.6518987341772152,0.5508021390374331,0.5971014492753624,0.7222609729003591
