,Accuracy,Precision,Recall,F1-score,AUC
xgboost_1,0.7665010645848119,0.5445544554455446,0.7352941176470589,0.6257110352673493,0.7565359477124184
