,Accuracy,Precision,Recall,F1-score,AUC
lightgbm,0.7466288147622427,0.5158878504672897,0.7379679144385026,0.6072607260726073,0.7438631842723913
