,Accuracy,Precision,Recall,F1-score,AUC
pycaret_lr,0.7508871540099361,0.5199306759098787,0.8021390374331551,0.6309148264984227,0.7672530935958046
