,Accuracy,Precision,Recall,F1-score,AUC
keras,0.7061745919091554,0.4652777777777778,0.7165775401069518,0.5642105263157894,0.7094964995220749
