,Accuracy,Precision,Recall,F1-score,AUC
lightgbm,0.7934705464868701,0.6276923076923077,0.5454545454545454,0.5836909871244634,0.7142731664470795
