,Accuracy,Precision,Recall,F1-score,AUC
lightgbm,0.7955997161107168,0.6423841059602649,0.5187165775401069,0.57396449704142,0.7071843757265752
